,Team,Salary,W,L,Rank_wins,NetRating,Rank_rating,Year,Champion,LuxuryTax
0,BKN,91817289,38,44,24,-3.05,21,2015,GSW,76829000
1,LAC,85259447,56,26,9,6.98,2,2015,GSW,76829000
2,DAL,84820225,50,32,15,3.16,11,2015,GSW,76829000
3,POR,84336174,51,31,14,4.5,6,2015,GSW,76829000
4,CLE,82592827,53,29,13,4.8,5,2015,GSW,76829000
5,MIA,82413041,37,45,27,-3.05,21,2015,GSW,76829000
6,NYK,81369219,17,65,35,-10.13,30,2015,GSW,76829000
7,TOR,81317963,49,33,17,3.37,9,2015,GSW,76829000
8,CHI,80964682,50,32,15,3.37,9,2015,GSW,76829000
9,OKC,80408520,45,37,19,2.24,12,2015,GSW,76829000
10,NOP,80012866,45,37,19,0.8,14,2015,GSW,76829000
11,LAL,77546500,21,61,33,-7.36,27,2015,GSW,76829000
12,HOU,76849302,56,26,9,3.61,7,2015,GSW,76829000
13,CHA,76181367,33,49,28,-3.52,23,2015,GSW,76829000
14,MEM,75158730,55,27,11,3.55,8,2015,GSW,76829000
15,IND,74793526,38,44,24,0.4,15,2015,GSW,76829000
16,GSW,73611166,67,15,7,10.32,1,2015,GSW,76829000
17,SAC,73379071,29,53,31,-3.94,25,2015,GSW,76829000
18,WAS,73372974,46,36,18,0.83,13,2015,GSW,76829000
19,SAS,70770209,55,27,11,6.64,3,2015,GSW,76829000
20,MIN,69378954,16,66,36,-9.36,29,2015,GSW,76829000
21,DET,67410675,32,50,29,-1.14,20,2015,GSW,76829000
22,PHX,65336172,39,43,23,-0.92,19,2015,GSW,76829000
23,BOS,62218516,40,42,22,0.15,18,2015,GSW,76829000
24,MIL,61153275,41,41,21,0.38,16,2015,GSW,76829000
25,UTA,60847538,38,44,24,0.28,17,2015,GSW,76829000
26,ORL,59629210,25,57,32,-6.07,26,2015,GSW,76829000
27,ATL,58320278,60,22,8,6.02,4,2015,GSW,76829000
28,DEN,56820307,30,52,30,-3.57,24,2015,GSW,76829000
29,PHI,54355571,18,64,34,-9.31,28,2015,GSW,76829000
30,CLE,108300458,57,25,3,6.48,4,2016,CLE,84740000
31,LAC,97019321,53,29,6,4.47,6,2016,CLE,84740000
32,OKC,95708387,55,27,5,7.54,3,2016,CLE,84740000
33,GSW,93669566,73,9,1,10.86,2,2016,CLE,84740000
34,SAS,87832839,67,15,2,11.49,1,2016,CLE,84740000
35,HOU,87504058,41,41,17,0.13,15,2016,CLE,84740000
36,CHI,87073838,42,40,14,-1.43,18,2016,CLE,84740000
37,MIA,85764781,48,34,7,1.67,12,2016,CLE,84740000
38,WAS,85055155,41,41,17,-0.39,17,2016,CLE,84740000
39,NOP,83709371,30,52,25,-3.89,25,2016,CLE,84740000
40,MEM,83223881,42,40,14,-2.33,20,2016,CLE,84740000
41,BKN,80258302,21,61,28,-7.86,28,2016,CLE,84740000
42,DET,77256014,44,38,12,0.59,14,2016,CLE,84740000
43,BOS,77141919,48,34,7,3.2,8,2016,CLE,84740000
44,CHA,76860006,48,34,7,2.71,9,2016,CLE,84740000
45,DAL,75397067,42,40,14,-0.19,16,2016,CLE,84740000
46,NYK,74237021,32,50,24,-3.03,22,2016,CLE,84740000
47,MIL,73843541,33,49,21,-4.59,26,2016,CLE,84740000
48,LAL,72694352,17,65,29,-10.12,29,2016,CLE,84740000
49,DEN,72589023,33,49,21,-3.25,23,2016,CLE,84740000
50,MIN,72287243,29,53,26,-3.86,24,2016,CLE,84740000
51,ATL,71661760,48,34,7,3.75,7,2016,CLE,84740000
52,IND,71605233,45,37,11,1.77,11,2016,CLE,84740000
53,TOR,71591189,56,26,4,4.95,5,2016,CLE,84740000
54,SAC,70610560,33,49,21,-2.5,21,2016,CLE,84740000
55,PHX,68095365,23,59,27,-6.86,27,2016,CLE,84740000
56,PHI,64583220,10,72,30,-10.5,30,2016,CLE,84740000
57,UTA,63608425,40,42,19,2.04,10,2016,CLE,84740000
58,ORL,63199651,35,47,20,-1.74,19,2016,CLE,84740000
59,POR,61685814,44,38,12,0.88,13,2016,CLE,84740000
60,CLE,128522489,51,31,5,3.27,7,2017,GSW,113287000
61,POR,119732234,41,41,15,-0.53,18,2017,GSW,113287000
62,LAC,114756766,51,31,5,4.5,5,2017,GSW,113287000
63,SAS,112017779,61,21,2,7.56,2,2017,GSW,113287000
64,MEM,110083520,43,39,11,0.7,12,2017,GSW,113287000
65,TOR,108599970,51,31,5,4.51,4,2017,GSW,113287000
66,DET,106492988,37,45,19,-1.37,21,2017,GSW,113287000
67,ORL,104096951,29,53,26,-6.88,29,2017,GSW,113287000
68,WAS,104016580,49,33,9,1.92,9,2017,GSW,113287000
69,CHA,103054004,36,46,20,0.25,15,2017,GSW,113287000
70,NYK,102593418,31,51,24,-3.77,24,2017,GSW,113287000
71,DAL,102354966,33,49,22,-3.08,23,2017,GSW,113287000
72,NOP,101616451,34,48,21,-2.2,22,2017,GSW,113287000
73,GSW,101584835,67,15,1,11.69,1,2017,GSW,113287000
74,MIA,100740770,41,41,15,1.09,10,2017,GSW,113287000
75,ATL,96315163,43,39,11,-0.99,19,2017,GSW,113287000
76,MIL,96245877,42,40,13,-0.23,17,2017,GSW,113287000
77,SAC,95596327,32,50,23,-4.21,25,2017,GSW,113287000
78,LAL,94781848,26,56,28,-7.02,30,2017,GSW,113287000
79,BOS,93465326,53,29,4,2.72,8,2017,GSW,113287000
80,CHI,92522306,41,41,15,0.32,14,2017,GSW,113287000
81,OKC,91230089,47,35,10,0.78,11,2017,GSW,113287000
82,HOU,90956067,55,27,3,5.63,3,2017,GSW,113287000
83,IND,90279072,42,40,13,-0.16,16,2017,GSW,113287000
84,PHX,89754590,24,58,29,-5.47,26,2017,GSW,113287000
85,PHI,84775343,28,54,27,-5.85,27,2017,GSW,113287000
86,DEN,83836460,40,42,18,0.47,13,2017,GSW,113287000
87,MIN,83527580,31,51,24,-1.2,20,2017,GSW,113287000
88,BKN,82391482,20,62,30,-6.73,28,2017,GSW,113287000
89,UTA,80138192,51,31,5,4.27,6,2017,GSW,113287000
90,CLE,137722926,50,32,6,1.02,14,2018,GSW,119266000
91,GSW,137610134,58,24,3,5.88,3,2018,GSW,119266000
92,OKC,134534640,48,34,8,3.47,7,2018,GSW,119266000
93,MIA,133624374,44,38,15,0.51,16,2018,GSW,119266000
94,WAS,123306396,43,39,17,0.55,15,2018,GSW,119266000
95,NOP,120814452,48,34,8,1.24,13,2018,GSW,119266000
96,MIL,120521249,44,38,15,-0.31,20,2018,GSW,119266000
97,HOU,119905532,65,17,1,8.64,1,2018,GSW,119266000
98,DET,119773191,39,43,19,-0.19,19,2018,GSW,119266000
99,LAC,119093010,42,40,18,-0.05,18,2018,GSW,119266000
100,POR,118708146,49,33,7,2.66,9,2018,GSW,119266000
101,CHA,117382664,36,46,20,0.23,17,2018,GSW,119266000
102,TOR,116929373,59,23,2,8.03,2,2018,GSW,119266000
103,MIN,116075131,47,35,12,2.38,10,2018,GSW,119266000
104,BOS,115284776,55,27,4,3.75,6,2018,GSW,119266000
105,SAS,114633844,47,35,12,3.13,8,2018,GSW,119266000
106,MEM,110700149,22,60,29,-6.57,27,2018,GSW,119266000
107,DEN,107543599,46,36,14,1.62,11,2018,GSW,119266000
108,UTA,105606838,48,34,8,4.51,4,2018,GSW,119266000
109,NYK,105403130,29,53,22,-3.65,23,2018,GSW,119266000
110,LAL,103126557,35,47,21,-1.54,21,2018,GSW,119266000
111,PHI,100797386,52,30,5,4.51,4,2018,GSW,119266000
112,ATL,99992696,24,58,27,-5.47,26,2018,GSW,119266000
113,SAC,99587185,27,55,24,-7.43,29,2018,GSW,119266000
114,ORL,98700258,25,57,26,-5.02,25,2018,GSW,119266000
115,BKN,95475397,28,54,23,-3.8,24,2018,GSW,119266000
116,IND,95271736,48,34,8,1.44,12,2018,GSW,119266000
117,PHX,92684083,21,61,30,-9.26,30,2018,GSW,119266000
118,CHI,90466801,27,55,24,-7.22,28,2018,GSW,119266000
119,DAL,85440245,24,58,27,-3.08,22,2018,GSW,119266000
120,MIA,153171497,39,43,17,-0.13,16,2019,TOR,123733000
121,GSW,146291276,57,25,3,6.39,2,2019,TOR,123733000
122,OKC,144916427,49,33,9,3.31,10,2019,TOR,123733000
123,TOR,137793831,58,24,2,5.99,3,2019,TOR,123733000
124,MIL,130988604,60,22,1,8.47,1,2019,TOR,123733000
125,POR,130256600,53,29,5,4.38,7,2019,TOR,123733000
126,DET,126557932,41,41,16,-0.2,17,2019,TOR,123733000
127,HOU,126474100,53,29,5,4.82,5,2019,TOR,123733000
128,BOS,125334993,49,33,9,4.43,6,2019,TOR,123733000
129,MEM,125188633,33,49,22,-2.7,24,2019,TOR,123733000
130,WAS,123747588,32,50,25,-2.84,25,2019,TOR,123733000
131,NYK,123387454,17,65,30,-9.26,28,2019,TOR,123733000
132,CLE,123255073,19,63,28,-10.04,30,2019,TOR,123733000
133,MIN,121962221,36,46,21,-1.51,22,2019,TOR,123733000
134,SAS,121588790,48,34,11,1.75,12,2019,TOR,123733000
135,CHA,121427859,39,43,17,-1.06,19,2019,TOR,123733000
136,BKN,118850600,42,40,14,-0.06,15,2019,TOR,123733000
137,DEN,118327016,54,28,4,4.14,8,2019,TOR,123733000
138,LAC,118026816,48,34,11,0.81,13,2019,TOR,123733000
139,NOP,116052756,33,49,22,-1.25,21,2019,TOR,123733000
140,PHI,115127167,51,31,7,2.64,11,2019,TOR,123733000
141,ORL,114394213,42,40,14,0.65,14,2019,TOR,123733000
142,UTA,113826156,50,32,8,5.24,4,2019,TOR,123733000
143,CHI,112598201,22,60,27,-8.49,27,2019,TOR,123733000
144,IND,110724804,48,34,11,3.39,9,2019,TOR,123733000
145,PHX,108692835,19,63,28,-9.26,28,2019,TOR,123733000
146,LAL,107225482,37,45,20,-1.66,23,2019,TOR,123733000
147,SAC,101466920,39,43,17,-1.02,18,2019,TOR,123733000
148,DAL,86958881,33,49,22,-1.22,20,2019,TOR,123733000
149,ATL,79180081,29,53,26,-5.7,26,2019,TOR,123733000
150,OKC,132017938,44,28,8,2.09,13,2020,LAL,132627000
151,POR,131979953,35,39,14,-1.15,17,2020,LAL,132627000
152,LAC,131506341,49,23,4,6.41,2,2020,LAL,132627000
153,CLE,131059022,19,46,28,-8.05,29,2020,LAL,132627000
154,PHI,129912339,43,30,12,2.32,10,2020,LAL,132627000
155,MIA,129867871,44,29,8,2.93,7,2020,LAL,132627000
156,GSW,129254928,15,50,30,-8.74,30,2020,LAL,132627000
157,DEN,128746180,46,27,6,2.15,11,2020,LAL,132627000
158,HOU,128109922,44,28,8,2.89,8,2020,LAL,132627000
159,ORL,126095610,33,40,18,-1.18,18,2020,LAL,132627000
160,LAL,123971686,52,19,3,5.65,5,2020,LAL,132627000
161,MIL,122612183,56,17,1,9.62,1,2020,LAL,132627000
162,TOR,122463495,53,19,2,6.18,4,2020,LAL,132627000
163,WAS,121296256,25,47,22,-4.46,25,2020,LAL,132627000
164,DAL,120871082,43,32,12,4.97,6,2020,LAL,132627000
165,SAS,119217331,32,39,19,-1.2,19,2020,LAL,132627000
166,UTA,118910311,44,28,8,2.66,9,2020,LAL,132627000
167,BKN,118889943,35,37,14,-0.57,15,2020,LAL,132627000
168,NOP,117868297,30,42,21,-1.2,19,2020,LAL,132627000
169,BOS,117759332,48,24,5,6.35,3,2020,LAL,132627000
170,MIN,114202982,19,45,28,-4.12,24,2020,LAL,132627000
171,SAC,113796966,31,41,20,-1.94,21,2020,LAL,132627000
172,IND,112872260,45,28,7,2.12,12,2020,LAL,132627000
173,CHI,112601901,22,43,24,-3.14,22,2020,LAL,132627000
174,ATL,110702618,20,47,26,-7.61,28,2020,LAL,132627000
175,DET,104527576,20,46,26,-3.63,23,2020,LAL,132627000
176,NYK,100232129,21,45,25,-6.42,26,2020,LAL,132627000
177,PHX,98539675,34,39,16,0.11,14,2020,LAL,132627000
178,MEM,98495848,34,39,16,-0.94,16,2020,LAL,132627000
179,CHA,96552033,23,42,23,-6.89,27,2020,LAL,132627000
180,GSW,171105334,39,33,14,1.09,14,2021,MIL,132627000
181,BKN,170444633,48,24,4,4.52,7,2021,MIL,132627000
182,PHI,147825311,49,23,3,5.62,5,2021,MIL,132627000
183,LAC,139722606,47,25,5,6.26,2,2021,MIL,132627000
184,LAL,139334713,42,30,8,2.68,8,2021,MIL,132627000
185,UTA,136881324,52,20,1,9.48,1,2021,MIL,132627000
186,MIL,136623929,46,26,7,5.65,4,2021,MIL,132627000
187,MIA,134731235,40,32,13,0.13,16,2021,MIL,132627000
188,NOP,133901495,31,41,21,-0.32,18,2021,MIL,132627000
189,BOS,132931565,36,36,16,1.37,13,2021,MIL,132627000
190,MEM,132022601,38,34,15,1.0,15,2021,MIL,132627000
191,POR,131904647,42,30,8,1.7,12,2021,MIL,132627000
192,HOU,131784255,17,55,30,-7.84,27,2021,MIL,132627000
193,WAS,131294012,34,38,17,-1.88,22,2021,MIL,132627000
194,MIN,130334934,23,49,25,-5.36,26,2021,MIL,132627000
195,IND,130237102,34,38,17,0.02,17,2021,MIL,132627000
196,DEN,129793210,47,25,5,5.03,6,2021,MIL,132627000
197,CLE,129605319,22,50,26,-8.8,28,2021,MIL,132627000
198,SAS,129537825,33,39,19,-1.74,21,2021,MIL,132627000
199,TOR,129131910,27,45,24,-0.48,19,2021,MIL,132627000
200,CHI,128963580,31,41,21,-0.91,20,2021,MIL,132627000
201,PHX,128858241,51,21,2,5.87,3,2021,MIL,132627000
202,DAL,127657823,42,30,8,2.37,11,2021,MIL,132627000
203,ORL,121739163,21,51,28,-9.48,29,2021,MIL,132627000
204,ATL,118804016,41,31,11,2.38,10,2021,MIL,132627000
205,DET,117041599,20,52,29,-4.63,25,2021,MIL,132627000
206,CHA,108218809,33,39,19,-2.07,23,2021,MIL,132627000
207,SAC,106847430,31,41,21,-3.6,24,2021,MIL,132627000
208,NYK,102137151,41,31,11,2.41,9,2021,MIL,132627000
209,OKC,95774839,22,50,26,-10.48,30,2021,MIL,132627000
210,GSW,178980766,53,29,3,5.65,4,2022,GSW,136606000
211,BKN,174811922,44,38,14,0.76,15,2022,GSW,136606000
212,LAC,168378382,42,40,18,-0.06,18,2022,GSW,136606000
213,LAL,164409293,33,49,23,-3.02,22,2022,GSW,136606000
214,MIL,160875421,51,31,6,3.31,8,2022,GSW,136606000
215,UTA,149760719,49,33,9,6.16,3,2022,GSW,136606000
216,PHI,148922969,51,31,6,2.59,9,2022,GSW,136606000
217,MIA,140840240,53,29,3,4.62,6,2022,GSW,136606000
218,IND,138181486,25,57,26,-3.51,23,2022,GSW,136606000
219,DEN,137963926,48,34,10,2.33,12,2022,GSW,136606000
220,MIN,137432702,46,36,12,2.54,10,2022,GSW,136606000
221,BOS,136557646,51,31,6,7.66,1,2022,GSW,136606000
222,PHX,136476474,64,18,1,7.48,2,2022,GSW,136606000
223,CLE,136385911,44,38,14,2.13,13,2022,GSW,136606000
224,CHI,136083814,46,36,12,-0.48,20,2022,GSW,136606000
225,NOP,135793968,36,46,20,-0.98,21,2022,GSW,136606000
226,ATL,135166020,43,39,16,1.58,14,2022,GSW,136606000
227,TOR,134896484,48,34,10,2.38,11,2022,GSW,136606000
228,HOU,132267085,20,62,30,-8.49,29,2022,GSW,136606000
229,DET,131120355,23,59,28,-7.71,26,2022,GSW,136606000
230,SAC,130457848,30,52,24,-5.59,25,2022,GSW,136606000
231,WAS,128019790,35,47,21,-3.61,24,2022,GSW,136606000
232,SAS,127655401,34,48,22,0.03,17,2022,GSW,136606000
233,ORL,126786646,22,60,29,-8.0,27,2022,GSW,136606000
234,DAL,126696965,52,30,5,3.55,7,2022,GSW,136606000
235,POR,124788473,27,55,25,-9.13,30,2022,GSW,136606000
236,CHA,122139566,43,39,16,0.5,16,2022,GSW,136606000
237,NYK,120644081,37,45,19,-0.08,19,2022,GSW,136606000
238,MEM,117284457,56,26,2,5.56,5,2022,GSW,136606000
239,OKC,82022873,24,58,27,-8.18,28,2022,GSW,136606000
240,LAC,192905421,44,38,11,0.51,17,2023,DEN,150267000
241,GSW,192386134,44,38,11,1.75,11,2023,DEN,150267000
242,MIL,182930771,58,24,1,3.49,5,2023,DEN,150267000
243,BOS,178633307,57,25,2,6.7,1,2023,DEN,150267000
244,DAL,177244238,38,44,21,0.06,19,2023,DEN,150267000
245,PHX,176042453,45,37,9,2.12,9,2023,DEN,150267000
246,LAL,169391473,43,39,14,0.55,16,2023,DEN,150267000
247,DEN,162338665,53,29,4,3.34,6,2023,DEN,150267000
248,BKN,159566723,45,37,9,1.0,15,2023,DEN,150267000
249,WAS,152008934,35,47,23,-1.28,23,2023,DEN,150267000
250,CLE,151966241,51,31,5,5.62,2,2023,DEN,150267000
251,CHI,151964990,40,42,19,1.36,13,2023,DEN,150267000
252,MIA,151408266,44,38,11,-0.41,21,2023,DEN,150267000
253,TOR,150992313,41,41,17,1.51,12,2023,DEN,150267000
254,PHI,150496913,54,28,3,4.35,3,2023,DEN,150267000
255,ATL,149836313,41,41,17,0.29,18,2023,DEN,150267000
256,NYK,148987936,47,35,8,3.03,7,2023,DEN,150267000
257,OKC,148856338,40,42,19,1.03,14,2023,DEN,150267000
258,UTA,148738241,37,45,22,-1.02,22,2023,DEN,150267000
259,NOP,148360910,42,40,15,1.88,10,2023,DEN,150267000
260,MIN,145793656,42,40,15,0.02,20,2023,DEN,150267000
261,POR,144997250,33,49,26,-4.11,26,2023,DEN,150267000
262,SAC,139423615,48,34,7,2.49,8,2023,DEN,150267000
263,HOU,137579793,22,60,28,-8.02,28,2023,DEN,150267000
264,DET,129153570,17,65,30,-8.33,29,2023,DEN,150267000
265,MEM,127139520,51,31,5,3.93,4,2023,DEN,150267000
266,ORL,126107324,34,48,25,-2.57,24,2023,DEN,150267000
267,CHA,125874047,27,55,27,-6.28,27,2023,DEN,150267000
268,IND,125706114,35,47,23,-3.16,25,2023,DEN,150267000
269,SAS,104545376,22,60,28,-9.85,30,2023,DEN,150267000
270,GSW,209354737,46,36,16,2.72,11,2024,BOS,165294000
271,LAC,201366679,51,31,5,3.24,7,2024,BOS,165294000
272,PHX,193838882,49,33,8,3.09,8,2024,BOS,165294000
273,MIL,187346674,49,33,8,2.64,12,2024,BOS,165294000
274,BOS,186940921,64,18,1,11.71,1,2024,BOS,165294000
275,DEN,180922992,57,25,2,5.44,4,2024,BOS,165294000
276,MIA,177143542,46,36,16,1.64,17,2024,BOS,165294000
277,LAL,169876920,47,35,12,0.47,19,2024,BOS,165294000
278,DAL,167755884,50,32,6,2.09,15,2024,BOS,165294000
279,NOP,167403924,49,33,8,4.61,6,2024,BOS,165294000
280,CLE,166874287,48,34,11,2.41,13,2024,BOS,165294000
281,MIN,166434327,56,26,4,6.65,3,2024,BOS,165294000
282,PHI,166271894,47,35,12,3.02,9,2024,BOS,165294000
283,CHI,165630436,39,43,20,-1.64,20,2024,BOS,165294000
284,POR,165263993,21,61,27,-9.26,29,2024,BOS,165294000
285,NYK,164990518,50,32,6,4.89,5,2024,BOS,165294000
286,TOR,163054678,25,57,25,-6.54,25,2024,BOS,165294000
287,MEM,162649524,27,55,24,-7.18,26,2024,BOS,165294000
288,OKC,162515272,57,25,2,7.31,2,2024,BOS,165294000
289,ATL,159153393,36,46,21,-2.09,21,2024,BOS,165294000
290,BKN,155015136,32,50,22,-2.99,22,2024,BOS,165294000
291,SAC,153564021,46,36,16,1.67,16,2024,BOS,165294000
292,WAS,150856313,15,67,29,-9.1,28,2024,BOS,165294000
293,HOU,149356730,41,41,19,1.12,18,2024,BOS,165294000
294,IND,148722330,47,35,12,2.99,10,2024,BOS,165294000
295,SAS,142867770,22,60,26,-6.32,24,2024,BOS,165294000
296,CHA,140774484,21,61,27,-10.63,30,2024,BOS,165294000
297,DET,139233014,14,68,30,-9.09,27,2024,BOS,165294000
298,UTA,133738448,31,51,23,-5.01,23,2024,BOS,165294000
299,ORL,132643598,47,35,12,2.1,14,2024,BOS,165294000
300,PHX,220708856,36,46,21,-3.04,23,2025,OKC,170814000
301,MIN,203708244,49,33,10,5.19,4,2025,OKC,170814000
302,BOS,195348491,61,21,3,9.51,3,2025,OKC,170814000
303,LAL,192057940,50,32,6,1.22,14,2025,OKC,170814000
304,NYK,191906878,51,31,5,4.09,8,2025,OKC,170814000
305,DEN,185864258,50,32,6,3.77,9,2025,OKC,170814000
306,MIL,182559432,48,34,11,2.47,11,2025,OKC,170814000
307,MIA,176102077,37,45,20,0.54,15,2025,OKC,170814000
308,DAL,174411922,39,43,18,-1.15,19,2025,OKC,170814000
309,LAC,174124752,50,32,6,4.77,5,2025,OKC,170814000
310,WAS,173806822,18,64,29,-12.33,30,2025,OKC,170814000
311,NOP,172778396,21,61,27,-9.62,29,2025,OKC,170814000
312,PHI,171403241,24,58,26,-6.42,25,2025,OKC,170814000
313,TOR,170516134,30,52,24,-4.41,24,2025,OKC,170814000
314,GSW,170316619,48,34,11,3.28,10,2025,OKC,170814000
315,ATL,170057021,40,42,16,-1.0,18,2025,OKC,170814000
316,IND,169543082,50,32,6,2.3,12,2025,OKC,170814000
317,CHA,168575524,19,63,28,-9.28,27,2025,OKC,170814000
318,BKN,168312896,26,56,25,-7.21,26,2025,OKC,170814000
319,SAC,167811057,40,42,16,0.51,16,2025,OKC,170814000
320,POR,167012048,36,46,21,-2.8,22,2025,OKC,170814000
321,OKC,166418720,68,14,1,12.72,1,2025,OKC,170814000
322,MEM,165903638,48,34,11,4.72,6,2025,OKC,170814000
323,CHI,165722496,39,43,18,-1.49,20,2025,OKC,170814000
324,CLE,165110486,64,18,2,9.54,2,2025,OKC,170814000
325,HOU,163038023,52,30,4,4.34,7,2025,OKC,170814000
326,SAS,162395330,34,48,23,-2.71,21,2025,OKC,170814000
327,UTA,154060898,17,65,30,-9.37,28,2025,OKC,170814000
328,ORL,152308863,41,41,15,-0.08,17,2025,OKC,170814000
329,DET,140501660,44,38,14,1.93,13,2025,OKC,170814000
330,CLE,211858381,52,30,8,4.05,9,2026,NYK,187895000
331,NYK,207045051,53,29,6,6.47,5,2026,NYK,187895000
332,GSW,205124954,37,45,20,-0.55,20,2026,NYK,187895000
333,HOU,199783669,52,30,8,5.39,6,2026,NYK,187895000
334,LAL,197146448,53,29,6,1.74,14,2026,NYK,187895000
335,MIN,196036611,49,33,10,3.08,10,2026,NYK,187895000
336,PHI,194666722,45,37,13,-0.17,18,2026,NYK,187895000
337,SAC,193326868,22,60,26,-10.07,28,2026,NYK,187895000
338,LAC,191938984,42,40,18,1.13,16,2026,NYK,187895000
339,TOR,191608832,46,36,11,2.58,11,2026,NYK,187895000
340,DEN,191600929,54,28,5,5.17,7,2026,NYK,187895000
341,NOP,190898076,26,56,23,-4.65,21,2026,NYK,187895000
342,ORL,189903062,45,37,13,0.56,17,2026,NYK,187895000
343,POR,189204726,42,40,18,-0.17,18,2026,NYK,187895000
344,OKC,189104345,64,18,1,11.05,1,2026,NYK,187895000
345,IND,188736250,19,63,29,-7.96,26,2026,NYK,187895000
346,SAS,188455363,62,20,2,8.27,2,2026,NYK,187895000
347,PHX,188101058,45,37,13,1.42,15,2026,NYK,187895000
348,BOS,187492509,56,26,4,8.15,4,2026,NYK,187895000
349,WAS,187128348,17,65,30,-11.84,30,2026,NYK,187895000
350,ATL,186963786,46,36,11,2.36,12,2026,NYK,187895000
351,CHA,185779105,44,38,16,5.03,8,2026,NYK,187895000
352,DET,185095988,60,22,3,8.23,3,2026,NYK,187895000
353,DAL,185068401,26,56,23,-5.43,23,2026,NYK,187895000
354,MIL,182444588,32,50,21,-6.49,25,2026,NYK,187895000
355,CHI,177919585,31,51,22,-5.14,22,2026,NYK,187895000
356,UTA,175673708,22,60,26,-8.21,27,2026,NYK,187895000
357,MEM,160304096,25,57,25,-5.9,24,2026,NYK,187895000
358,MIA,157325624,43,39,17,2.18,13,2026,NYK,187895000
359,BKN,152025523,20,62,28,-10.27,29,2026,NYK,187895000
